anchor,x,y,z
entrance.approach,0,0,-12.8
entrance.primary,0,0.38,-9
exit,0,0,-12.8
path.connection.main,0,0.05,-11.55
hiringhall.approach,0,0.38,-5
audition.performer.a,-4.85,0.73,4.7
audition.performer.b,-3.15,0.73,4.7
audition.camera,-4,0.39,1.1
audition.operator,-4,0.39,-0.05
audition.evaluator.0,-8.85,0.39,-0.55
audition.evaluator.1,-8,0.39,-0.55
audition.evaluator.2,-7.15,0.39,-0.55
audition.activity.screen-test,-0.7,0.38,1.25
audition.crew.left,-7.4,0.38,3.3
audition.crew.right,-0.6,0.38,3.3
interview.applicant,5.85,0.38,2.3
interview.applicant.1,7.35,0.38,2.3
interview.interviewer,6.6,0.39,4.6
interview.activity,4.6,0.38,1.4
applicant.exterior.0,-9.2,0.05,-10.55
applicant.exterior.1,-7.2,0.05,-10.55
applicant.exterior.2,-5.2,0.05,-10.55
applicant.exterior.3,5.2,0.05,-10.55
applicant.exterior.4,7.2,0.05,-10.55
applicant.exterior.5,9.2,0.05,-10.55
