path,meshGUID,triangles,vertices
Doors/EntranceLeft,964fa3fb8ba30ba41b50a624c14f9bb7,5352,10424
Doors/EntranceRight,26a7c1938ef5c76459da7a47705dff38,5352,10424
Doors/AuditionA4,b9e8c8047d5e48c458d2de06186cc47a,7408,14624
Doors/InterviewA4,058c73e14c6a49c42b514ab05e13f77f,7408,14624
Furnishings/Audition/Backdrop,46b3703d9abd4d14f8279b364391fc81,2068,4224
Furnishings/Audition/Curtains,553eade1920093b4a886af9d4b65e385,46100,31518
Furnishings/Audition/EvaluationMaterials,5fbab45a76b39ed449739ff7a5847165,168,328
Furnishings/Audition/EvaluationTable,4305ea5287054944eb254c28a9168145,1052,2096
Furnishings/Audition/Rostrum,c7283bd58427f4742bd7037e3fce7ef5,6768,13824
Furnishings/Audition/Evaluator0/ChairBentwood_1930/Geometry,08879724c5c1d5247bf8870b29557ac4,1728,3456
Furnishings/Audition/Evaluator1/ChairBentwood_1930/Geometry,08879724c5c1d5247bf8870b29557ac4,1728,3456
Furnishings/Audition/Notes/DeskPaperwork_1930/Geometry,cad2025b195585d45a03963c47f56a10,572,1000
Furnishings/Audition/Evaluator2/ChairBentwood_1930/Geometry,08879724c5c1d5247bf8870b29557ac4,1728,3456
Furnishings/Audition/Camera/StudioCamera1930/Tripod,49792ee99cdcb1245a6302e7b590eb0c,1636,2868
Furnishings/Audition/Camera/StudioCamera1930/Head,0097ae75dd729b04a91bd21af34d7113,788,1046
Furnishings/Audition/Camera/StudioCamera1930/Body,208d22abacd5e8443842534a658ef3f1,516,718
Furnishings/Audition/Camera/StudioCamera1930/Magazines,db868a52f3230324cb0765643914e4f7,2676,2064
Furnishings/Audition/Camera/StudioCamera1930/Lens,cd0a460c2bfa4284faec7b31461c721e,8312,4920
Furnishings/Audition/Camera/StudioCamera1930/Controls,f09f0cd0f3180aa469128358f4af8bf0,824,919
Furnishings/Audition/StudioLamp0/StudioLamp1930/Stand,3c03d4ec625f7dc4681392fe6d2d040d,1208,1843
Furnishings/Audition/StudioLamp0/StudioLamp1930/Yoke,17f61ba4c08fc6045ace5236aed82830,516,670
Furnishings/Audition/StudioLamp0/StudioLamp1930/Housing,e6bb4fe096c5f6e4494019deb04ca5ac,3368,2268
Furnishings/Audition/StudioLamp0/StudioLamp1930/Reflector,366370f46100f21479d14a68035fce4c,1388,794
Furnishings/Audition/StudioLamp0/StudioLamp1930/Shutters,732c9503d0ceccd458d9cb328c687062,160,160
Furnishings/Audition/StudioLamp0/StudioLamp1930/Cable,22ec706370c784443a73a73fe41830bc,216,184
Furnishings/Audition/StudioLamp1/StudioLamp1930/Stand,3c03d4ec625f7dc4681392fe6d2d040d,1208,1843
Furnishings/Audition/StudioLamp1/StudioLamp1930/Yoke,17f61ba4c08fc6045ace5236aed82830,516,670
Furnishings/Audition/StudioLamp1/StudioLamp1930/Housing,e6bb4fe096c5f6e4494019deb04ca5ac,3368,2268
Furnishings/Audition/StudioLamp1/StudioLamp1930/Reflector,366370f46100f21479d14a68035fce4c,1388,794
Furnishings/Audition/StudioLamp1/StudioLamp1930/Shutters,732c9503d0ceccd458d9cb328c687062,160,160
Furnishings/Audition/StudioLamp1/StudioLamp1930/Cable,22ec706370c784443a73a73fe41830bc,216,184
Furnishings/Interview/Bookcase,633b0cf6f0471c042a331ac423bcf13a,5760,10119
Furnishings/Interview/GuestA,bceb6d13a4e66b34cbe7766840e7b718,4972,3552
Furnishings/Interview/GuestB,89cdcaeb1ffd51a4e97ed2d5c99934c6,4972,3552
Furnishings/Interview/PortfolioReview,1a43d9787f2d7da4188b831439c1b778,360,651
Furnishings/Interview/Desk/DeskPedestal_1930/Geometry,e6691c6303f667440a27b998146095d0,5608,9064
Furnishings/Interview/DirectorChair/ChairBentwood_1930/Geometry,08879724c5c1d5247bf8870b29557ac4,1728,3456
Furnishings/Interview/Phone/TelephoneDesk_1930/Geometry,6be87422ca56af146b2795427bfc4a00,15975,10971
Furnishings/Interview/Lamp/DeskLampBanker_1930/Geometry,1111d4e8685c5834ab3cc136e3ab4b1f,20112,11098
Furnishings/Interview/Scripts/DeskPaperwork_1930/Geometry,cad2025b195585d45a03963c47f56a10,572,1000
Furnishings/Interview/Files/FilingCabinet_4Drawer_1930/Geometry,6c30627cd6cf57a43b28030fcd537642,3344,5376
Furnishings/HiringHall/PortraitGallery0,11cf6b8198a7ecc42bce3713f50409cd,1512,3088
Furnishings/HiringHall/PortraitGallery1,11cf6b8198a7ecc42bce3713f50409cd,1512,3088
Furnishings/HiringHall/PortraitGallery2,11cf6b8198a7ecc42bce3713f50409cd,1512,3088
Furnishings/HiringHall/Clock,b7e03e58fd97ddb44becda2102d2a443,648,546
Furnishings/HiringHall/WallLantern0,88709a56899a3014cbbe240a7081f93b,1490,2832
Furnishings/HiringHall/WallLantern1,3786af95ccc010a418186d483864c8ef,1490,2832
Furnishings/HiringHall/WallLantern2,02c542b083cbad149bf2861046c040be,1490,2832
Furnishings/HiringHall/WallLantern3,631d7e4b4a7a8dc4cbd7027b618ca0a6,1490,2832
Shell/Front,161de91896986324aa1bb85dadd83ee0,1740,3082
Shell/Front/AddedArticulation,8e70cc35549835a469e646b7ba4583c0,752,1536
Shell/Front/Banners,b02be4df4da756242872d01c2f9c86c8,141724,86044
Shell/Front/EntranceLanterns,367abd1d6b4970f48a727ef185cf6b51,1188,1744
Shell/Front/Fanlight,d8ec493fffab6e64aa0a8cecb139d917,1812,2673
Shell/Front/InteriorFinishA,24e054ce94874144f826b126877b5751,9024,18432
Shell/Front/Portal,d536cc898afb1e34583d0b11cb8915c3,3364,5733
Shell/Front/Signage,bd473f8a3e7f648438caee17bdd3c384,45124,31555
Shell/Front/Windows,1d7afb8d644bf424f95254e7eeb9cc31,7720,15504
Shell/Front/UpperClosure0,8ce7a5d7817c3964d9fa533a8bb2a41a,12,24
Shell/Front/UpperClosure0/Cornice,e87e6b61d8414924f91814ef11b24b12,188,384
Shell/Front/UpperClosure1,2a1be7b3d60f9114eae5871f68093c61,12,24
Shell/Front/UpperClosure1/Cornice,e4a9e405ed6e7454ebb37c5f6960974e,188,384
Shell/Left,a6a4b4e16c7510848b25273bd26156f7,632,912
Shell/Left/Windows,04fc7ed227972bd468c3434b39443e82,15440,31008
Shell/Left/Articulation,e486b203e2802af46b91517bb5270583,4192,8544
Shell/Left/InteriorFinishA,eae66887aa68aa5438963491b7b0fde4,7896,16128
Shell/Right,1979a71eaea1fc541b998d332956dbdd,632,912
Shell/Right/Windows,27201facc694afc4f8d9f739bf6184a8,15440,31008
Shell/Right/Articulation,085874f897ae20a49bc673aa5bebdce0,4192,8544
Shell/Right/InteriorFinishA,8ea003b417c3e674dae857a9bd9a183a,7896,16128
Shell/Rear,1bc5ee0eefb352242810ec3be6da56c0,680,920
Shell/Rear/Windows,6117e335e067e354ba3ba50ae69b7996,14512,29376
Shell/Rear/Articulation,df329983df3374c4fb4987f790345f3b,3524,7176
Shell/Rear/InteriorFinishA,c21b458583094a947a7270367aa583ac,10528,21504
Structure/EntranceSteps,a56789caec1e88c4aa2459a58a3e69a4,2896,4328
Structure/Foundation,6961e602d86a3804cbfee35ac8f4e68b,60,96
Interior/Floors/Base,5126690ed5b300346a7553d450a60c8a,12,24
Interior/Floors/HiringHall,af5f2cf553571624890212990a4c81b7,144,288
Interior/Floors/Audition,11b8abdba408c414c91b7c2531102681,2448,4896
Interior/Floors/Interview,9c2ac039c12a7664fbf5097d8b0116ec,1476,2952
Partitions/HallAudition,cc50e7bf23a13474383ef7b7389f95a5,60,88
Partitions/HallAudition/Trim,f54d163eb36f2fc40b4ed61f8b652e0f,2444,4992
Partitions/HallAudition/InteriorFinishA,d1fd3c19b9101154b9ace8cdb71170e5,7144,14592
Partitions/HallAudition/InteriorFinishB,efa62a6f629af5c479a5813d91a3aff8,7144,14592
Partitions/HallInterview,7e59ed86a91f72d44ac50d6c4bc5a2ef,60,88
Partitions/HallInterview/Trim,6dc9fd04e6df466438f5888e103a2ce6,2444,4992
Partitions/HallInterview/InteriorFinishA,186181c00728a3147a77c3b283e1fb90,4888,9984
Partitions/HallInterview/InteriorFinishB,59a386330f340e845942b468b7b58f99,4888,9984
Partitions/SpecialistDivider,aba011301e438804baa379abb911e837,12,24
Partitions/SpecialistDivider/InteriorFinishA,1d918388ae270784e86ad1d4808434ea,4888,9984
Partitions/SpecialistDivider/InteriorFinishB,ed59f47fd123a3c4c8ac78f1ce28d98a,4888,9984
Roofs/Main/Deck,9afeb77ef60519b40a6d271312b0d79c,12,24
Roofs/Main/Parapet,19cf4f56161eb31429b15f8dc9d64e7c,1504,3072
Roofs/Main/RearParapet,0704353b194dbd446abcad9237731299,344,584
Roofs/Main/EntranceReturn,1f8748dccd0b54e428b37650dee77ced,376,768
Roofs/Main/Flashing,f0559ce75f02e3d4f838a3fbb48b2be6,52,104
Roofs/Main/Rainwater,65b5b5c1889467443b2789f73cfcdacc,3368,6432
Ceilings/HiringHall,de5b1d4886f8bc146ae2f4f5052a2f7e,764,1272
Ceilings/Audition,65d56ed40a27de84a88b6f652e2ef665,764,1270
Ceilings/Interview,f39e92ef8c1ae524fa073c6df5d7a7a9,764,1272
Ceilings/PendantA4_00,dac35fc8af42a814ebba27699853149c,1416,822
Ceilings/PendantA4_01,dac35fc8af42a814ebba27699853149c,1416,822
Ceilings/PendantA4_02,dac35fc8af42a814ebba27699853149c,1416,822
Ceilings/PendantA4_03,dac35fc8af42a814ebba27699853149c,1416,822
Ceilings/PendantA4_04,dac35fc8af42a814ebba27699853149c,1416,822
Ceilings/PendantA4_05,dac35fc8af42a814ebba27699853149c,1416,822
Exterior/Forecourt,bcec02348b5eff741ac76de88e0c5116,544,1104
Exterior/Planters,7f99a151d8b99e84da43f97665daf1bb,25699,13752
Exterior/ApplicantBench-1/BenchSlatted_210_1930/Geometry,219d170a1ae907444b813047c89cc808,4384,7180
Exterior/ApplicantBench1/BenchSlatted_210_1930/Geometry,219d170a1ae907444b813047c89cc808,4384,7180
