id,support,roof,renderers
Doors/EntranceLeft,Shell/Front,False,3
Doors/EntranceRight,Shell/Front,False,3
Doors/AuditionA4,Partitions/HallAudition,False,3
Doors/InterviewA4,Partitions/HallInterview,False,3
Furnishings/Audition/Backdrop,Audition/CurtainMount,False,3
Furnishings/Audition/Curtains,Audition/CurtainMount,False,3
Furnishings/Audition/EvaluationMaterials,,False,3
Furnishings/Audition/EvaluationTable,,False,3
Furnishings/Audition/Rostrum,,False,3
Furnishings/Audition/Evaluator0/ChairBentwood_1930/Geometry,,False,3
Furnishings/Audition/Evaluator1/ChairBentwood_1930/Geometry,,False,3
Furnishings/Audition/Notes/DeskPaperwork_1930/Geometry,,False,3
Furnishings/Audition/Evaluator2/ChairBentwood_1930/Geometry,,False,3
Furnishings/Audition/Camera/StudioCamera1930/Tripod,,False,3
Furnishings/Audition/Camera/StudioCamera1930/Head,,False,3
Furnishings/Audition/Camera/StudioCamera1930/Body,,False,3
Furnishings/Audition/Camera/StudioCamera1930/Magazines,,False,3
Furnishings/Audition/Camera/StudioCamera1930/Lens,,False,3
Furnishings/Audition/Camera/StudioCamera1930/Controls,,False,3
Furnishings/Audition/StudioLamp0/StudioLamp1930/Stand,,False,3
Furnishings/Audition/StudioLamp0/StudioLamp1930/Yoke,,False,3
Furnishings/Audition/StudioLamp0/StudioLamp1930/Housing,,False,3
Furnishings/Audition/StudioLamp0/StudioLamp1930/Reflector,,False,3
Furnishings/Audition/StudioLamp0/StudioLamp1930/Shutters,,False,3
Furnishings/Audition/StudioLamp0/StudioLamp1930/Cable,,False,3
Furnishings/Audition/StudioLamp1/StudioLamp1930/Stand,,False,3
Furnishings/Audition/StudioLamp1/StudioLamp1930/Yoke,,False,3
Furnishings/Audition/StudioLamp1/StudioLamp1930/Housing,,False,3
Furnishings/Audition/StudioLamp1/StudioLamp1930/Reflector,,False,3
Furnishings/Audition/StudioLamp1/StudioLamp1930/Shutters,,False,3
Furnishings/Audition/StudioLamp1/StudioLamp1930/Cable,,False,3
Furnishings/Interview/Bookcase,,False,3
Furnishings/Interview/GuestA,,False,3
Furnishings/Interview/GuestB,,False,3
Furnishings/Interview/PortfolioReview,,False,3
Furnishings/Interview/Desk/DeskPedestal_1930/Geometry,,False,3
Furnishings/Interview/DirectorChair/ChairBentwood_1930/Geometry,,False,3
Furnishings/Interview/Phone/TelephoneDesk_1930/Geometry,,False,3
Furnishings/Interview/Lamp/DeskLampBanker_1930/Geometry,,False,3
Furnishings/Interview/Scripts/DeskPaperwork_1930/Geometry,,False,3
Furnishings/Interview/Files/FilingCabinet_4Drawer_1930/Geometry,,False,3
Furnishings/HiringHall/PortraitGallery0,Partitions/HallAudition,False,3
Furnishings/HiringHall/PortraitGallery1,Partitions/HallAudition,False,3
Furnishings/HiringHall/PortraitGallery2,Partitions/HallInterview,False,3
Furnishings/HiringHall/Clock,Partitions/HallAudition,False,3
Furnishings/HiringHall/WallLantern0,Partitions/HallAudition,False,3
Furnishings/HiringHall/WallLantern1,Partitions/HallAudition,False,3
Furnishings/HiringHall/WallLantern2,Partitions/HallInterview,False,3
Furnishings/HiringHall/WallLantern3,Partitions/HallInterview,False,3
Shell/Front,,False,15
Shell/Left,,False,6
Shell/Right,,False,6
Shell/Rear,,False,6
Structure/EntranceSteps,,False,3
Structure/Foundation,,False,3
Floors,,False,6
Partitions/HallAudition,,False,6
Partitions/HallInterview,,False,6
Partitions/SpecialistDivider,,False,5
Roofs/Main/Deck,,True,3
Roofs/Main/Parapet,,True,3
Roofs/Main/RearParapet,,True,3
Roofs/Main/EntranceReturn,,True,3
Roofs/Main/Flashing,,True,3
Roofs/Main/Rainwater,,True,3
Ceilings/HiringHall,,True,3
Ceilings/Audition,,True,3
Ceilings/Interview,,True,3
Ceilings/PendantA4_00,Ceilings/PendantA4_00/Mount,False,3
Ceilings/PendantA4_01,Ceilings/PendantA4_01/Mount,False,3
Ceilings/PendantA4_02,Ceilings/PendantA4_02/Mount,False,3
Ceilings/PendantA4_03,Ceilings/PendantA4_03/Mount,False,3
Ceilings/PendantA4_04,Ceilings/PendantA4_04/Mount,False,3
Ceilings/PendantA4_05,Ceilings/PendantA4_05/Mount,False,3
Exterior,,False,6
Ceilings/PendantA4_00/Mount,Ceilings/HiringHall,False,0
Ceilings/PendantA4_01/Mount,Ceilings/HiringHall,False,0
Ceilings/PendantA4_02/Mount,Ceilings/HiringHall,False,0
Ceilings/PendantA4_03/Mount,Ceilings/HiringHall,False,0
Ceilings/PendantA4_04/Mount,Ceilings/Audition,False,0
Ceilings/PendantA4_05/Mount,Ceilings/Interview,False,0
Audition/CurtainMount,Shell/Rear,False,0
